3326	Albania
3682	Bolivia
3686	Bolivia
3706	Bolivia
3707	Bolivia
3618	Brazil
3683	Brazil
3731	Brazil
3729	Brazil
3727	Brazil
3730	Brazil
3728	Brazil
3599	Brazil
3327	Brazil
3715	Canada
3714	Canada
3713	Canada
3695	Chile
3614	Chile
3354	Chile
3569	China
3705	Colombia
3412	Colombia
3604	Colombia
3702	Colombia
3696	Colombia
3704	Colombia
3426	Colombia
3433	Colombia
3453	Colombia
3701	Colombia
3567	Colombia
3693	Colombia
3703	Colombia
3700	Colombia
3699	Colombia
3607	Costa Rica
3608	Costa Rica
3709	Costa Rica
3606	Costa Rica
3609	Costa Rica
3708	Costa Rica
3321	Czech Republic
3401	Ecuador
3418	Ecuador
3410	Ecuador
3400	Ecuador
3411	Ecuador
3392	England
3664	Gaza
3710	Guatemala
3357	Hong Kong
3358	Hong Kong
3724	Hong Kong
3667	Hong Kong
3434	India
3720	India
3432	India
3662	Iran
3661	Iran
3680	Iraq
1243	Ireland Northern
3371	Italy
3398	Italy
3393	Kenya
3612	Macedonia
3613	Macedonia
3611	Macedonia
3424	Malaysia
3350	Malaysia
3438	Malaysia
3439	Malaysia
3351	Malaysia
3437	Malaysia
3652	Malaysia
3674	Malaysia
3323	Malaysia
3493	Mexico
3527	Mexico
3571	Mexico
3526	Mexico
3615	Mexico
3596	Mexico
3458	Mexico
3666	Mexico
3595	Mexico
3460	Mexico
3519	Mexico
3654	Mexico
3574	Mexico
3518	Mexico
3576	Mexico
3514	Mexico
3513	Mexico
3582	Mexico
3496	Mexico
3575	Mexico
3516	Mexico
3581	Mexico
3498	Mexico
3497	Mexico
3468	Mexico
3663	Mexico
3588	Mexico
3478	Mexico
3579	Mexico
3506	Mexico
3505	Mexico
3504	Mexico
3503	Mexico
3502	Mexico
3476	Mexico
3475	Mexico
3589	Mexico
3474	Mexico
3473	Mexico
3655	Mexico
3454	Mexico
3580	Mexico
3500	Mexico
3711	Mexico
3712	Mexico
3593	Mexico
3464	Mexico
3578	Mexico
3508	Mexico
3583	Mexico
3494	Mexico
3687	Mexico
3592	Mexico
3466	Mexico
3591	Mexico
3469	Mexico
3584	Mexico
3491	Mexico
3598	Mexico
3450	Mexico
3586	Mexico
3487	Mexico
3679	Mexico
3678	Mexico
3573	Mexico
3521	Mexico
3572	Mexico
3524	Mexico
3523	Mexico
3594	Mexico
3462	Mexico
3585	Mexico
3489	Mexico
3590	Mexico
3471	Mexico
3587	Mexico
3653	Mexico
3485	Mexico
3483	Mexico
3484	Mexico
3482	Mexico
3481	Mexico
3480	Mexico
3597	Mexico
3456	Mexico
3577	Mexico
3510	Mexico
3511	Mexico
3697	Mexico
3668	Myanmar
3403	Myanmar
3404	Myanmar
3405	Myanmar
3406	Myanmar
3407	Myanmar
3408	Myanmar
3409	Myanmar
3154	Netherlands
3340	New Zealand
3339	New Zealand
3338	New Zealand
3337	New Zealand
3417	Nicaragua
3610	Nicaragua
3427	Norway
3698	Paraguay
3694	Paraguay
3564	Peru
3690	Philippines
3335	Portugal
3619	Russia
3430	Russia
3322	Russia
3436	Russia
3621	Russia
3692	Russia
3397	Russia
3425	South Africa
3671	South Africa
3394	South Africa
3395	South Africa
3605	Spain
3741	Spain
3423	Sri Lanka
3600	United Arab Emirates
3562	United States
